Ref,Val,Package,PosX,PosY,Rot,Side
"C_Bulk1","100u","CP_Elec_6.3x5.4",31.500000,17.400000,0.000000,top
"C_EN1","1u","C_0603_1608Metric",44.500000,32.500000,0.000000,top
"C_ESD_USB1","100n","C_0603_1608Metric",54.550000,9.950000,0.000000,top
"C_HF1","100n","C_0603_1608Metric",44.300000,51.685000,90.000000,top
"C_MIC1","100n","C_0603_1608Metric",6.500000,50.000000,90.000000,top
"C_MOD1","22u","C_0805_2012Metric",42.200000,51.450000,90.000000,top
"C_VDD_AMP1","10u","C_0805_2012Metric",89.700000,19.250000,180.000000,top
"C_VDD_AMP2","100n","C_0603_1608Metric",89.700000,17.500000,180.000000,top
"Cboot1","100n","C_0603_1608Metric",20.700000,23.300000,90.000000,top
"Cin1","10u","C_0805_2012Metric",9.800000,22.800000,90.000000,top
"Cin2","10u","C_0805_2012Metric",7.400000,22.780000,90.000000,top
"Cin3","10u","C_0805_2012Metric",9.800000,19.000000,90.000000,top
"Cin4","10u","C_0805_2012Metric",7.400000,19.000000,90.000000,top
"CinX1","220n","C_0603_1608Metric",11.550000,22.800000,90.000000,top
"Cout1","22u","C_0805_2012Metric",30.000000,23.410000,90.000000,top
"Cout2","22u","C_0805_2012Metric",32.400000,23.410000,90.000000,top
"CoutX1","100n","C_0603_1608Metric",27.600000,23.410000,90.000000,top
"Cvcc1","1u","C_0603_1608Metric",20.700000,19.800000,-90.000000,top
"D1","SMBJ15A","D_SMB",12.500000,14.000000,0.000000,top
"DZ1","BZX84-C6V2","SOT-23",23.500000,11.000000,0.000000,top
"D_ESD_TCH1","ESD9L5.0ST5G","D_SOD-923",102.000000,52.000000,180.000000,top
"D_ESD_TCH2","ESD9L5.0ST5G","D_SOD-923",96.000000,52.000000,180.000000,top
"D_ESD_USB1","USBLC6-4SC6","SOT-23-6",49.950000,14.400000,180.000000,top
"D_FLY1","S1A","D_SMA",27.500000,31.000000,0.000000,top
"D_ORING1","PMEG3010ER","Nexperia_CFP3_SOD-123W",38.750000,9.600000,0.000000,top
"F1","1812L150/24MR","Fuse_1812_4532Metric",5.500000,14.000000,0.000000,top
"J_DOOR1","2060-452/998-404","WAGO_2060-452_998-404",9.500000,34.000000,180.000000,top
"J_PWR1","2060-452/998-404","WAGO_2060-452_998-404",9.500000,6.500000,180.000000,top
"J_USB_SVC1","USB4105-GF-A-120","USB_C_Receptacle_GCT_USB4105-xx-A_16P_TopMnt_Horizontal",50.000000,3.800000,0.000000,top
"L1","1.8u","L_Wurth_WE-MAPI-4020HT",24.300000,23.410000,0.000000,top
"LED1","APHBM2012LSURKCGKC","LED_Kingbright_APHBM2012_2x1.25mm",98.000000,23.000000,0.000000,top
"Q1","PJA3415AE-AU","SOT-23",19.000000,14.000000,180.000000,top
"Q2","IRLML6344TRPBF","SOT-23",26.000000,36.000000,0.000000,top
"R_BOOT1","10k","R_0603_1608Metric",52.700000,32.150000,0.000000,top
"R_CC1","5k1","R_0603_1608Metric",45.600000,10.700000,180.000000,top
"R_CC2","5k1","R_0603_1608Metric",46.350000,13.250000,180.000000,top
"R_EN1","10k","R_0603_1608Metric",41.200000,32.500000,0.000000,top
"R_GATE1","100","R_0603_1608Metric",33.100000,30.900000,180.000000,top
"R_GATE_PD1","100k","R_0603_1608Metric",33.100000,29.350000,0.000000,top
"R_LED_G1","750R","R_0603_1608Metric",98.500000,26.400000,90.000000,top
"R_LED_R1","750R","R_0603_1608Metric",96.400000,26.450000,90.000000,top
"R_MIC_DATA1","100","R_0603_1608Metric",10.950000,46.800000,180.000000,top
"R_SDMODE1","100k","R_0603_1608Metric",93.650000,22.000000,90.000000,top
"R_TOUCH_EG1","1k","R_0603_1608Metric",102.420000,50.050000,-90.000000,top
"R_TOUCH_OG1","1k","R_0603_1608Metric",96.420000,50.050000,-90.000000,top
"R_VBUS_PD1","1k","R_0603_1608Metric",42.500000,10.700000,0.000000,top
"Rfbb1","43k2","R_0603_1608Metric",20.300000,17.300000,0.000000,top
"Rfbt1","100k","R_0603_1608Metric",23.500000,17.300000,0.000000,top
"Rg1","100k","R_0603_1608Metric",20.300000,10.750000,-90.000000,top
"Rpg1","100k","R_0603_1608Metric",14.000000,17.300000,0.000000,top
"S_BOOT1","EVP-BD6C1A000","EVP-BD6C1A000",53.000000,28.000000,0.000000,top
"S_RST1","EVP-BD6C1A000","EVP-BD6C1A000",43.000000,28.000000,0.000000,top
"U1","LMR33630CDDAR","DDA0008J",16.000000,21.500000,0.000000,top
"U2","ESP32-S3-WROOM-1-N16R8","ESP32-S3-WROOM-1",55.000000,47.250000,0.000000,top
"U3","MAX98357AETE+T","QFN50P300X300X80-17N",94.400000,18.250000,-90.000000,top
"U4","IM72D128V01","IFX-PG-LLGA-5-4",12.000000,50.000000,0.000000,top
